titles,category
 대통령  화물연대  업무개시명령  내일 국무회의서 심의,Politics
   노사 법치주의 확실히 세워야  내일 업무개시명령 심의,Politics
  화물연대 총파업에  노사 법치주의 확실히 세워야 ,Politics
 속보    내일 국무회의서 화물연대 업무개시명령 심의,Politics
이재명  노란봉투법 대신  합법파업보장법 으로 부르자 ,Politics
이재명  노란봉투법   합법파업보장법 으로 바꿔 부르자 ,Politics
이재명  노란봉투법 오해  합법파업보장법 으로 부르자 ,Politics
정진석  이재명   노란봉투법    합법파업보장법  주장 동의할 수 없다 ,Politics
 여야   철저한 원인 규명 희생자들의 명복 빌어  양양 헬기 추락 사망사고 ,Politics
여야  산불 계도 헬기 추락에  철저히 원인규명 해야 ,Politics
국민의힘 강원도당  양양 추락 헬기 희생자 애도 유가족 위로,Politics
 산불 계도 헬기 추락사고 에 정치권  원인규명 촉구,Politics
김정은  딸  김주애  또 공개 리설주처럼 꾸미고 무기행사 동원,Politics
 김정은  또 둘째딸과 공개행보  백두혈통만 따를 것  뉴스초점 ,Politics
김정은  또 딸과 공개 행사  사랑하는 존귀한 자제  호칭 바꿔,Politics
김정은 딸     관련  구글 검색  위     보다 관심 집중,Politics
여야  이상민 파면 공방  국정조사 이유 없어져      국민 대신 책임 물어야 ,Politics
   이상민 해임건의안 제출 예고 주호영  무리한 요구 ,Politics
  대통령 지지율        중도층 평가 상승,Politics
  국정수행 긍정평가        주만에     중반대 회복 리얼미터 ,Politics
 대통령실 브리핑 화물연대 총파업 대응책 발표 현장연결 ,Politics
 피해 큰 시멘트 레미콘 업무개시명령 검토 ,Politics
 리스크 정면 돌파 나선 이재명     일 메시지  주목 뉴스라이더 ,Politics
김종민   더탐사  주거침입  언론 자유는 공존이 전제   정치쇼 ,Politics
이재명     예산안 안 급해보여 재산에만 관심있는 가짜엄마 ,Politics
이재명  부부가 같이살면 기초연금 삭감  패륜예산 폐지해야 ,Politics
주호영에  선배님      월드컵서 사우디에 져야 하나  농담 종합 ,Politics
  빈살만 회동 뒷얘기 만남 전  가까이 봐야 친밀감 생긴다  의자 붙여라  지시,Politics
대통령실    이상민 파면  최후통첩 에  국조 못 받아 ,Politics
여권  민주당  이상민 파면  고집하면 국정조사 보이콧  여야 재충돌 조짐,Politics
     이상민 파면 결단하길     제사 전 잿밥부터 ,Politics
박홍근     이상민 감싸기 무책임하고 구차해 보여  파면 거듭 촉구,Politics
통일부  북한  국가핵무력 완성  선언  주년 관련 특이 동향 없어 ,Politics
   오는   일 핵 무력 선언  주년 추가 도발할까 ,Politics
오늘 우주 로드맵  한국판      내년 개청 ,Politics
대통령실  내년  우주항공청  개청     내일 우주경제 구상 발표,Politics
   관저 만찬  윤핵관   지도부 먼저  대선 때 고생한 동지 간 만남 ,Politics
 단독    관저서  친윤  인방  부부동반 만찬  비대위 보다 먼저 만나,Politics
김남국  연애 비법 전수합니다  글 올린 이유 알고보니,Politics
김남국  썸녀에게 전화 걸어서   연애비법 전수  이유는 ,Politics
대통령은 권력 주변에 독버섯처럼 자라는 비선을 조심해야 한다  열국지로 보는 사람경영 ,Politics
트러스 영국 총리의 치명적 오판  남의 일 아니다  열국지로 보는 사람경영 ,Politics
고르바초프의 위대한 실패  열국지로 보는 사람경영 ,Politics
푸틴이 우크라이나를 이길 수 없는 이유  열국지로 보는 사람경영 ,Politics
 동남권 조직 확대  산은  부산  가속 노조  꼼수  법적대응 ,Economic
서울 직원 부산 발령   산은  지역 발전     노조  꼼수 이전 ,Economic
산은  부산 이전  갈등 본격화  노조 법적투쟁 예고  이사회 갈등설도,Economic
산은  내년  월   여 명 부울경 우선 배치,Economic
  피아이씨글로벌       단독 공정  세계 최초 상업화,Economic
울산    피아이씨글로벌   세계 최초     단독공정 생산공장  준공,Economic
울산    피아이씨글로벌   디피지      단독공정  생산공장 준공   세계 최초 상업화 성공,Economic
              화장품 향수 화학소재       단독 생산시설 준공 연  만톤 생산,Economic
이철우 경북 도지사   화물연대 집단운송 거부  행정력 집중 ,Economic
정부  화물연대 파업에 업무개시명령 발동 임박,Economic
정부  화물연대 파업 위기 경보 최고 수준인  심각 으로 격상,Economic
 속보  정부  화물연대 파업 무관용 원칙으로 강력 대응 심각한 위기시 업무개시명령 ,Economic
집값 최대    까지 대출 내일부터 생애 처음 주택구입자 대상,Economic
주금공   생애최초 보금자리론  출시          ,Economic
기보 기업은행  첨단 전략산업 육성     억 우대보증,Economic
기보   릴레이 워크숍  개최 기술평가시스템 글로벌 전파,Economic
정부  내년 성장전망   대 제시 검토 복합위기 심화 여파,Economic
잇단   대 성장률 예측 내달 정부 전망치  촉각 ,Economic
정부 채안펀드 캐피탈콜  조 추가 재건축안전진단  등록임대사업제 개편 완화도 추진,Economic
추경호  금융시장 부동산 안정 위해 보증 채권 매입 확대 ,Economic
화물연대 파업 닷새째  제품 쌓아둘 자리가 없다,Economic
화물연대 파업 나흘째   납품 지연 위약금 발생 우려  속출 ,Economic
 위믹스 에 놀란 금융당국  가상자산 상장폐지 기준 살펴본다,Economic
      위믹스 상폐  회원사 만장일치 결정 ,Economic
반도체 변방 유럽 등판   경쟁구도 속 한국은  피스앤칩스 ,Economic
   수출 급감하자 전체 반도체 수출  휘청     편중  탓,Economic
강원도내 정보보안 관심 증가 속 사이버보안 해킹방어대회 성황,Economic
  전자  첫 사내 모의 해킹대회 개최  사이버보안 경쟁력 강화 ,Economic
적은 금액으로 내 집 마련     장위자이 레디언트  다양한 평면 눈길,Economic
  건설  서울  장위자이 레디언트  견본주택   월 일 개관,Economic
피말리는  개월  드디어 집 팔렸어요  매부리레터 ,Economic
단군이래 최대 재건축 둔촌주공의 딜레마 이자만  억  매부리레터 ,Economic
 종부세 때문에 파산지경  올해도  폭탄에 비명  매부리레터 ,Economic
 대출 이자 빠져나가는 날이 무섭다  전세영끌족 한숨  매부리레터 ,Economic
강원 양양서 산불 감시 헬기 추락 조종사 등  명 숨져,Social
 속보 양양 헬기 추락 현장서 시신  구 수습,Social
양양서 산불 계도 헬기 추락 탑승자  명 사망 추정,Social
헬기 추락  명 사망    유족  사고  시간 전에 통화했는데  오열,Social
내일은 전국에 비 수요일부터 영하   도 한파 온다,Social
전국에 천둥 번개 동반한 세찬 비 강수량 최대    ,Social
  일 부산 맑고 일교차 큰 날씨 주중에 비온 뒤 기온  뚝 ,Social
부산 울산 대체로 흐리고 비   예상강수량         비,Social
서울시  가맹점 본사제품 강매 제동  필수품  조정 제안,Social
서울시  커피 치킨 가맹본부에  필수구매품목 합리화  제안   개업체 개선 완료,Social
  커피 치킨 가맹본사 필수품목에 고무장갑 등 포함  서울 ,Social
커피 치킨 가맹점에  비싼 일회용품  구매 강제 서울시  연말 실태조사,Social
도로에 쓰려진   대 구조했더니  소방구급대원에게 욕설 폭행,Social
 고시원 방화미수에 의사 경찰 구급대원 폭행까지    대 실형,Social
경찰 구급대원 의료진까지 폭행한   대 실형,Social
 구조했더니   소방구급대원에 욕설   폭행   대 징역  년,Social
 압색 심정 느껴봐라  한동훈 도곡동 집 도어락 누른  더탐사 ,Social
 청담동 술자리 의혹 제기  더탐사  한동훈 아파트에 침입 시도,Social
경남   일     명 확진  주말영향  전날보다     명 ,Social
경남     명 확진   주말 영향  엿새 연속 감소 위중증   명,Social
아픈 아들 평생 보살폈는데  잔소리에 어머니 살해한 무직   대남,Social
 술 문제로 잔소리  어머니 살해한 아들 항소심도 징역   년,Social
경기도  어린이 통학차량     신차 구매 최대    만원 보조,Social
   선이 다시 돌아온다   암모니아 운반선 으로 주목,Social
특수본  박희영 용산구청장 이번주 구속영장 신청 검토,Social
특수본  해밀톤호텔 대표 다음주 첫 소환 용산구청장 재소환,Social
영진전문대 해군부사관  해군참모총장상 수상,Social
장나예 하사  영진전문대 해군부사관 해군참모총장상 수상,Social
완만한 확산에 사망 위중증 덩달아   정부는 동절기 추가접종  총력 ,Social
코로나   개량 백신  꼭 맞아야 하나요    종류보다 빨리 맞는 게 중요,Social
위례 시민 출 퇴근 지옥 사라질까  마천 복정 남위례 트램     년 개통,Social
위례선 첫 삽      년에 달린다    년만에 서울서 트램 다시 볼듯,Social
오늘 가나전 거리응원  만명 모인다 경찰  기동대 특공대 배치 ,Social
경찰  월드컵 가나전 거리응원 인파관리에 기동대 특공대 투입,Social
   만 자원봉사자 만든  태안의 기적   세계인 유산에 이름 올린다,Social
삼국유사 등 기록물  점  유네스코 세계기록유산 아태 지역목록 등재,Social
신규확진  만    명   주 전보다    명 줄어 위중증    명 육박 종합 ,Social
신규 확진  만     명   주 전보다    명 줄어 위중증    명 육박,Social
 채점 공정할까   도쿄서 첫 고교입시 영어 말하기 시험,Social
부산시   영어하기 편한 도시  기본계획 수립 시행,Social
 뉴스쏙 속 한국  오늘 밤 가나 꺾고   강 가나 ,Social
 뉴스쏙 속 우루과이에 안 밀렸다 골대 행운도 뒤따라,Social
 뉴스쏙 속 일본이 독일을 꺾었다  이젠 우리 차례 ,Social
 뉴스쏙 속 광화문 광장에 울려 퍼질  대 한민국  안전관리에는 경각심,Social
 월요일 많은 비 비 그친 뒤 한파 날씨 ,Culture
 오늘 내일  전국 강하고 많은 비   비 그친 뒤  강력 한파  날씨 ,Culture
 전국 많은 비 주 중반부터  겨울 추위  날씨 ,Culture
 내일까지 전국 강한 비 비 그치고 기온  뚝  날씨 ,Culture
임영웅   올해의 아티스트  등  관왕 올라         멜론뮤직어워드 ,Culture
 임영웅  관왕  멜론뮤직어워드      성료,Culture
임영웅 대세 입증           서  올해의 아티스트  등  관왕,Culture
멜론        만명 모여 임영웅 아이브     다관왕,Culture
 삼척 흥전리 사지  국가지정문화재 사적으로 지정   역사 학술 가치 뛰어나,Culture
삼척 흥전리 사지   사적  지정 예정,Culture
 오늘의 작가상 에 정은우 작가 장편  국자전 ,Culture
제  회 오늘의작가상에 정은우  국자전 ,Culture
  대비 필요  공포 다가오는   날씨   기상청까지 당부 자막뉴스 ,Culture
날씨 변덕스럽네 월요일 폭우 뒤 한파경보급  강추위  온다,Culture
  월 국내 수출  위 모델은  한국   먹여 살린  트레일블레이저 ,Culture
쉐보레 트레일블레이저    월 국내 제조 승용차 수출  위,Culture
기아  첫 모델 출시   년만에 국내 누적판매  천   만대 돌파,Culture
기아  첫 모델 출시   년 만에 국내 누적판매  천   만 대 돌파,Culture
 다시  제주문화      역사 문화의 현장       제주올레길을 걷다,Culture
 다시  제주문화       고통나무   대학나무  희로애락 함께한 감귤,Culture
 다시  제주문화       하마터면 영영 사라질 뻔  제주목관아 복원   년,Culture
 다시  제주문화       관덕정은 지켜봤다  제주의    년 역사를,Culture
레드오션서 유유자적  죽지 않을  골프웨어 특징 두 가지  생생유통 ,Culture
 혜자스럽다 고 기대 모으더니   고든램지 피자  글쎄   생생유통 ,Culture
   평 주방서 호텔 셰프  명 뭉쳤다 롯데 작심하고 만든 이것  생생유통 ,Culture
 히트텍이 돌아왔다  때이른 추위가  노재팬  이겼다  생생유통 ,Culture
   블랙 프라이데이  온라인 구매 역대 최대       모바일 쇼핑,World
  블랙프라이데이  온라인 매출만   조 사상 최대치 기록,World
  블랙프라이데이 온라인 매출   조원   역대 최대,World
미국  블프  온라인 매출 역대 최대     예의주시,World
대만 지방선거 집권당 참패 총통  당 주석직 사임,World
    선거 참패  대만 여당에 공세   중국 정책 조정해야 ,World
 경제도 못 살리고 반중국 노선 피곤    차이잉원  심판당했다,World
중국  대만 차이잉원 지방선거 참패에  평화 안정 민의반영 ,World
 러시아  자포리자 원전서 철수 준비 정황 ,World
우크라이나  러시아군  자포리자 원전 철수 징후 ,World
 러시아  자포리자 원전에서 철수 준비하는 듯 ,World
우크라전    일  러군 헤르손   차례 폭격 전력 복구 지속,World
 평화헌법에 위배되지 않는 군비 확충의 딜레마  안보 대전환 ,World
   군사  대전환  현실로   논란의 내용까지 담겼다 자막뉴스 ,World
물가 급한    베네수엘라 석유 제재 완화,World
   베네수엘라 원유 제재 완화 셰브론 현지 사업 허가,World
        한국서 포탄   만발 구입해 우크라이나에 제공 예정 ,World
    한국서 구입하는 포탄   만발 우크라 제공 계획 ,World
시진핑 모교 칭화대서도  수백명 코로나   봉쇄 항의 시위 ,World
중국 곳곳서  봉쇄 반대  시위 이어져  구금자 석방하라 ,World
트럼프에 등 돌린 볼턴  차기 공화당 대선주자는 디샌티스 ,World
볼턴도 트럼프에 등 돌려    차기 대선주자는 디샌티스 ,World
백악관 보건 관리    제로코로나 비현실적 고령층 감염 못막아 ,World
 방역사령관들   제로코로나 비현실적  백신 늘려야 ,World
  강 브라질 걱정했던  일본  코스타리카에 패배     강 탈락 위기,World
일본  코스타리카에 일격 욱일기 응원 논란,World
 아동 청소년이 성인보다 오미크론에 더 취약  국내 연구진 발표,World
어릴수록 오미크론 감염 취약   대 전파속도  델타 변이  배,World
 월드리포트  연일 몰리는 트럼프  바람과 함께 사라질까,World
 월드리포트  논란의 횡재세  유럽의 뉴 노멀이 되다,World
 월드리포트   가상현실인가   월드컵이 중국에 준 뜻밖의 충격,World
 월드리포트   미국 탓  제재 완화 필요  중   러 주장 어디까지 맞나,World
 제페토  네이버제트  이용자 보호 위한 안전자문위원회 발족,IT
네이버제트  안전한 메타버스 환경 위한  안전자문위원회  발족,IT
네이버제트  안전자문위원회 발족  세계 수준 이용자 보호 시스템 구축할 것 ,IT
네이버제트  안전자문위원회 발족   다양성 정책 강화 등 제페토 자문 ,IT
 트위터 신규 가입자 하루 평균    만명  사상 최고    년새       ,IT
머스크  애플 구글서 트위터 제거하면  스마트폰 생산할 것 ,IT
머스크표  트위터 폰  등장하나  스마트폰 직접 만들 수 있다 ,IT
 로켓 만드는데 폰 못 만들겠나     괴짜  머스크  스마트폰 내놓나,IT
     경남테크노파크  지역    스마트팩토리 고도화 나선다,IT
  유플러스  경남 중소 중견기업    스마트팩토리 고도화 이끈다,IT
     정보보호 공시 우수기업으로 과기정통부 장관상 수상,IT
      정보보호 산업발전 기여  과기정통부 장관상 수상,IT
    협회   지미콘       개최 지속가능 미디어 성장 방안 모색,IT
 지속성장 위해 공생       끌어안는     ,IT
카카오메이커스  농축수산물 판로 개척   누적 거래액    억 돌파,IT
카카오  제가버치   농축수산물 판로  활짝  거래액    억 돌파,IT
오리온  아폴로  호가 세운 유인캡슐 원거리 비행 경신,IT
아르테미스   일차   아폴로  호  기록 경신 가장 멀리 날아간  유인우주선 ,IT
넷마블  신작  그랜드크로스   게임명  데미스 리본  확정,IT
 단독   승부사  방준혁 의장 다시 게임 챙겨 위기의 넷마블 살릴까,IT
 올해 재개도 어렵나      정쟁에 갈피 잃은 망사용료 현안     온에어 ,IT
    자율등급제  시행령 초안 첫 공개 어떤 내용 담겼나     온에어 ,IT
 접속은 신속  화질은 향상  추천은 똑똑  티빙     경험 확 바꾼다     온에어 ,IT
세제지원  동상이몽     업계  투자비도 세액공제  한목소리     온에어 ,IT
 네이버  택트  엑스퍼트 최고매출  인  억대연봉 비결은 ,IT
 네이버  택트   이것 덕분에 수익 급증   년차 블로거가 말한 비결은 ,IT
 네이버  택트   마음 감기 참지마세요  비대면 심리상담  엑스퍼트 로 해볼까,IT
 네이버  택트  빠른정산으로 안착한 제로웨이스트샵  지구살림  ,IT
